No.	Nama	Kategori TripAdvisor	Relevan Suvenir	Produk Utama	Alamat	Kota Administrasi	Kecamatan	Koordinat	Sumber Koordinat	Telepon	Rating	Jumlah Ulasan	Status	Catatan	URL TripAdvisor
1	Flea Market at Jalan Surabaya	Pasar Loak & Pasar Jalanan	Ya	Barang antik & peta kuno	Surabaya St No.20-21 , Jakarta, 10310	Jakarta Pusat	Menteng	-6.197372,106.839195	TripAdvisor		3,8	410	Aktif	Pasar antik dan suvenir sejak 1980 di Jl. Surabaya, Menteng; menjual wayang, batik, perhiasan, dan barang antik.	https://www.tripadvisor.com/Attraction_Review-g294229-d2587868
2	Batik Keris	Toko Suvenir & Spesialisasi	Ya	Batik	Jakarta	Jakarta Pusat	Menteng	-6.1931,106.8217	Koreksi riset		4,2	64	Aktif	Berlokasi di Plaza Indonesia Lt.3 No.116C, Jl. MH Thamrin, Gondangdia, Menteng, Jakarta Pusat. Koordinat telah dikoreksi.	https://www.tripadvisor.com/Attraction_Review-g294229-d379331
3	Pasar Seni Ancol	Toko Suvenir & Spesialisasi	Ya	Kerajinan tangan & lukisan (pasar seni)	Jl. Gerbang Ancol no. 93, Pademangan, Jakarta, 14430	Jakarta Utara	Pademangan	-6.126677,106.83876	TripAdvisor	+62 21 64713218	3,4	35	Aktif	Pasar seni dan kerajinan sejak 1977 di kompleks Ancol, dengan sekitar 240 lapak seniman; berada di Kecamatan Pademangan.	https://www.tripadvisor.com/Attraction_Review-g294229-d9563968
4	Rawa Bening Market	Toko Suvenir & Spesialisasi	Ya	Perhiasan/emas (batu akik, permata, kerajinan perak)	Jln. Stasiun, Jakarta, 12240	Jakarta Timur	Jatinegara	-6.2150,106.8703	Koreksi riset	+62 21 8197064	3,6	11	Aktif	Jakarta Gems Center, tepat di depan Stasiun Jatinegara, Kec. Jatinegara; populer di kalangan wisatawan asing untuk batu akik dan perhiasan sebagai suvenir. Koordinat telah dikoreksi. Sebagian toko tutup, namun pasar tetap beroperasi.	https://www.tripadvisor.com/Attraction_Review-g294229-d6598978
5	Bartele Gallery	Toko Barang Antik	Ya	Barang antik & peta kuno	Jl. M.H. Thamrin Mandarin Oriental Hotel - 2nd floor, Jakarta, 10310	Jakarta Pusat	Menteng	-6.19604,106.82356	TripAdvisor	+62 21 29938997	4,8	5	Aktif	Galeri peta dan cetakan antik Asia sejak 2009, di Mandarin Oriental Hotel, Jl. MH Thamrin, Menteng. Terdapat informasi yang belum terverifikasi mengenai kemungkinan pindah ke Hotel Kempinski.	https://www.tripadvisor.com/Attraction_Review-g294229-d12423972
6	Khas Jakarta	Toko Suvenir & Spesialisasi	Ya	Oleh-oleh makanan & suvenir Betawi	Jl. Thamrin Boulevard blok H5 no. 6 Thamrin City Lantai 1, Jakarta, 11110	Jakarta Pusat	Tanah Abang	-6.194593,106.81542	TripAdvisor	+62 856-8593-383	3,6	5	Aktif	Pusat oleh-oleh resmi (dodol Betawi, batik, ondel-ondel, dll.) di Thamrin City lt.1, Kb. Melati, Tanah Abang, kodepos 10230.	https://www.tripadvisor.com/Attraction_Review-g294229-d7076588
7	Rajanya Promosi	Toko Suvenir & Spesialisasi	Ya	Suvenir custom/merchandise (tumbler, gift set, dll)	Jl. Hankam No. 13, RT.6/RW.9 Jl. Siyarridin I, Jakarta, 12550	Jakarta Selatan	Pasar Minggu	-6.286373,106.82381	TripAdvisor	+62 812-9907-6453	5,0	4	Aktif	Vendor merchandise dan suvenir custom (tumbler, flashdisk, gift set) di area Ragunan/Jl. Hankam, Pasar Minggu. Koordinat bersifat perkiraan area.	https://www.tripadvisor.com/Attraction_Review-g294229-d28897061
8	Batik Obate	Toko Suvenir & Spesialisasi	Ya	Batik	Jl. Teuku Nyak Arief no. 10 Simprug Gallery Unit Blok S, Jakarta, 12220	Jakarta Selatan	Kebayoran Lama	-6.23496,106.78532	TripAdvisor	+62 811-9303-789	5,0	3	Aktif	Toko batik (Yogya/Solo/Pekalongan) di Ruko Simprug Gallery; tercatat aktif.	https://www.tripadvisor.com/Attraction_Review-g294229-d12976615
9	Lucy's Batik - Jakarta	Toko Suvenir & Spesialisasi	Ya	Batik & kerajinan tangan	Jl. Kemang Raya No.30 Mitra Hadiprana 1st Floor, Jakarta, 12730	Jakarta Selatan	Mampang Prapatan	-6.260612,106.815186	TripAdvisor	+62 21 7182767	4,7	3	Aktif	Butik batik dan kerajinan Nusantara di Mitra Hadiprana Kemang.	https://www.tripadvisor.com/Attraction_Review-g294229-d16162508
10	Paisley Things	Toko Suvenir & Spesialisasi	Ya	Kerajinan tangan artisan lokal (dekorasi rumah)	Jln. Bumi no. 31a, Jakarta, 12120	Jakarta Selatan	Kebayoran Baru	-6.24063,106.78974	TripAdvisor	+62 21 27510156	4,3	3	Aktif	Toko kerajinan artisan lokal yang mendukung Darius Tobing Foundation, berdiri 2011, beralamat di Jl. Bumi No.31A, Kebayoran Baru; memiliki akun Instagram @paisleythingsjakarta yang aktif.	https://www.tripadvisor.com/Attraction_Review-g294229-d10161748
11	Indies Gallery - Antique Maps & Prints of Indonesia	Toko Suvenir & Spesialisasi	Ya	Barang antik & peta kuno	Jl. Kemang Raya No. 8B Aksara Bookstore, Jakarta, 12730	Jakarta Selatan	Mampang Prapatan	-6.256469,106.81471	TripAdvisor	+62 813-1900-4269	3,0	2	Tidak diketahui	Beralamat di dalam Aksara Bookstore Kemang yang dilaporkan tutup permanen pada Des 2020; alamat kemungkinan sudah tidak berlaku.	https://www.tripadvisor.com/Attraction_Review-g294229-d18966670
12	Mariami	Toko Suvenir & Spesialisasi	Ya	?	Jl. Petogogan II No.32 Blok A, Jakarta, 12140	Jakarta Selatan	Kebayoran Baru	-6.25085,106.79397	TripAdvisor	+62 21 29126264	3,0	2	Tidak diketahui	Terdaftar pada kategori Gift & Specialty Shops; produk spesifik belum dapat dipastikan karena informasi sangat terbatas.	https://www.tripadvisor.com/Attraction_Review-g294229-d15618584
13	Souvennir Tumbler Murah	Toko Suvenir & Spesialisasi	Ya	Suvenir custom/merchandise (tumbler custom)	Komplek MPR, Jl. Flamboyan No.B11, Jakarta, 12430	Jakarta Selatan	Cilandak	-6.282774,106.805466	TripAdvisor	+62 821-2339-7985	5,0	2	Aktif	Produsen/toko suvenir tumbler custom, beralamat di Komplek MPR Jl. Flamboyan, Pondok Labu, Cilandak (kodepos 12430).	https://www.tripadvisor.com/Attraction_Review-g294229-d32684407
14	Indonesia Senyum	Toko Suvenir & Spesialisasi	Ya	Suvenir custom/merchandise (kaos, aksesoris, poster bertema Jakarta)	Jl. Panglima Polim No.37, RT.1/RW.1, Melawai Tenant Inside M Bloc Market, Jakarta, 12160	Jakarta Selatan	Kebayoran Baru	-6.241794,106.79899	TripAdvisor		5,0	1	Tidak diketahui	Tenant kecil di M Bloc Market Melawai yang menjual aksesoris, kaos, dan poster bertema Jakarta versi kartun; dikenal sebagai tempat suvenir otentik Jakarta. Status operasional belum dapat dipastikan.	https://www.tripadvisor.com/Attraction_Review-g294229-d32709906
15	Oleholehku.id	Toko Suvenir & Spesialisasi	Ya	Oleh-oleh UMKM (makanan & kerajinan)	Jalan Plot DKI, Block D9 Duren Palm Sub-district, Jakarta, 13440	Jakarta Timur	Duren Sawit	-6.230917,106.914639	Koreksi riset		5,0	1	Aktif	Toko oleh-oleh UMKM binaan Dinas PPKUKM DKI, beralamat di Duren Sawit. Koordinat telah dikoreksi ke titik kelurahan Duren Sawit (perkiraan, bukan alamat toko persis).	https://www.tripadvisor.com/Attraction_Review-g294229-d25159960
16	Poster House 77	Toko Suvenir & Spesialisasi	Ya	Poster vintage & suvenir custom	Jalan Kemang Timur Raya No 77, Jakarta, 12730	Jakarta Selatan	Mampang Prapatan	-6.259977,106.82344	TripAdvisor	+62 877-2347-6577	5,0	1	Aktif	Toko poster vintage dan suvenir di Kemang Timur, Kel. Bangka; area Bangka-Mampang Prapatan.	https://www.tripadvisor.com/Attraction_Review-g294229-d23027735
17	Souvenir Tumbler Murah	Toko Suvenir & Spesialisasi	Ya	Suvenir custom/merchandise	Jl. Flamboyan No.B11, Cilandak Bar., Kec. Cilandak, Kota Jakarta Selatan, Daerah Khusus Ibukota Jakarta 12430, Jakarta, 12430	Jakarta Selatan	Cilandak	-6.283486,106.80547	TripAdvisor	+62 812-9907-6453	5,0	1	Aktif	Vendor suvenir custom (tumbler, mug, boneka) secara grosir, minimal pemesanan 500 pcs.	https://www.tripadvisor.com/Attraction_Review-g294229-d34036099
18	Batik KoenoKoeni	Toko Suvenir & Spesialisasi	Ya	Batik	Jl. Cipete Raya no. 8A, Jakarta, 12410	Jakarta Selatan	Cilandak	-6.27773,106.80483	TripAdvisor	+62 21 22705821			Tidak diketahui	Toko pakaian batik (kemeja/blus) di Jl. Cipete Raya No.8A, Kec. Cilandak (kodepos 12410); aktivitas terbaru belum terverifikasi.	https://www.tripadvisor.com/Attraction_Review-g294229-d12778506
19	Khas Jakarta Kota Tua	Toko Suvenir & Spesialisasi	Ya	Oleh-oleh makanan & suvenir khas Jakarta	Jl. Taman Fatahillah No.3 Kota Tua Post Office, Jakarta, 11110	Jakarta Barat	Taman Sari	-6.134133,106.81322	TripAdvisor	+62 896-7880-8034			Aktif	Toko oleh-oleh (dodol Betawi, bir pletok, kaos, gantungan kunci, batik) di kawasan Taman Fatahillah.	https://www.tripadvisor.com/Attraction_Review-g294229-d17713976
20	Maison Amare Studio	Toko Suvenir & Spesialisasi	Ya	Suvenir custom/merchandise (parfum custom)	Jl. Letjen S.Parman No.Kav 21 Mal Taman Anggrek, Lt. G, Jakarta, 11470	Jakarta Barat	Grogol Petamburan	-6.178342,106.792595	TripAdvisor	+62 823-1334-9096			Aktif	Studio parfum custom Korea (KPIA) di Mal Taman Anggrek; pengunjung meracik dan membawa pulang parfum sendiri sebagai suvenir/gift.	https://www.tripadvisor.com/Attraction_Review-g294229-d33053752
21	Neng Mae	Toko Suvenir & Spesialisasi	Ya	Oleh-oleh makanan (jajanan Betawi)	Jl. Rorotan IV No.51, RT.10/RW.06, Rorotan, Kec. Cilincing, Jkt Utara, Daerah Khusus Ibukota Jakarta 14140, Jakarta, 14140	Jakarta Utara	Cilincing	-6.151821,106.95545	TripAdvisor	+62 813-1211-6030			Aktif	Toko oleh-oleh Jakarta Neng Mae (IG @nengmae.id, PIRT dan Halal MUI), toko offline di Rorotan; juga terdaftar di GoFood/GrabFood sebagai Jajanan Betawi Neng Mae.	https://www.tripadvisor.com/Attraction_Review-g294229-d34469473
22	Royalkueid	Toko Suvenir & Spesialisasi	Ya	Oleh-oleh makanan (bakpao gandum halal)	Pantai Indah Kapuk St. Fresh Market PIK, TP 22, Jakarta, 14470	Jakarta Utara	Penjaringan	-6.104652,106.74207	TripAdvisor	+62 813-8265-9808			Aktif	Usaha bakpao gandum halal (aneka rasa) di Fresh Market PIK, Kamal Muara, Penjaringan.	https://www.tripadvisor.com/Attraction_Review-g294229-d32867928
23	Sidikalang Jaya Coffee Store	Toko Suvenir & Spesialisasi	Ya	Oleh-oleh makanan (kopi)	Jl. Seni Budaya Raya No.7A, Jakarta, 11460	Jakarta Barat	Grogol Petamburan		Koordinat TripAdvisor salah, belum ada koreksi	+62 816-1717-8119			Aktif	Toko kopi grosir/eceran sejak 1984, beralamat di Jelambar Baru (dekat Jl. Jelambar Utara). Koordinat belum presisi.	https://www.tripadvisor.com/Attraction_Review-g294229-d20110209
24	Cikini Gold Center	Toko Suvenir & Spesialisasi	Sebagian	Perhiasan/emas	Jln. Pegangsaan Barat/Timur, Jakarta, 10320	Jakarta Pusat	Menteng	-6.198286,106.84164	TripAdvisor	+62 131 9090 88	4,0	322	Aktif	Pusat pertokoan emas dan perhiasan 7 lantai (60+ toko) di Jl. Pegangsaan Timur No.9, Menteng; bukan suvenir turis, tetapi menjadi daya tarik belanja.	https://www.tripadvisor.com/Attraction_Review-g294229-d6725477
25	Tanah Abang Market	Pasar Loak & Pasar Jalanan	Sebagian	Tekstil/batik grosir	Jl. Fachrudin 5 Stasiun Pasarsenen, Jakarta, 10250	Jakarta Pusat	Tanah Abang	-6.187184,106.8153	TripAdvisor		3,8	307	Aktif	Pasar grosir pakaian dan batik terbesar Jakarta di Pasar Tanah Abang Blok A, Jl. K.H. Fachrudin; suvenir bukan fokus utama, lebih ke tekstil/fashion grosir.	https://www.tripadvisor.com/Attraction_Review-g294229-d3640861
26	Pasaraya, the Pride of Indonesia	Toko Suvenir & Spesialisasi	Sebagian	Pasar campuran (department store dgn batik/kerajinan)	Blok M Jln. Iskandarsyah II 2 Kebayoran Baru, Jakarta, 12160	Jakarta Selatan	Kebayoran Baru	-6.241865,106.800766	TripAdvisor	+62 622 18312674	3,9	74	Aktif	Department store lama (sejak 1958) di Jl Iskandarsyah II No.2, Kebayoran Baru; masih beroperasi meski okupansi menurun.	https://www.tripadvisor.com/Attraction_Review-g294229-d3264840
27	Pasar Asemka	Toko Suvenir & Spesialisasi	Sebagian	Suvenir custom/merchandise & aksesori grosir	Jl. Raya Pantura, Jakarta, 11110	Jakarta Barat	Taman Sari	-6.138857,106.81249	TripAdvisor		3,9	43	Aktif	Pusat grosir aksesori dan suvenir di Jl Asemka No.33, Pinangsia, Kec. Taman Sari; pengunjung menurun tetapi masih beroperasi.	https://www.tripadvisor.com/Attraction_Review-g294229-d3845753
28	Mangga Dua Morning Market	Pasar Loak & Pasar Jalanan	Sebagian	Pasar campuran (fashion, kerajinan manik-manik, alat tulis)	Jl. Mangga Dua Raya, Jakarta, 14430	Jakarta Utara	Pademangan	-6.13629,106.821884	TripAdvisor	+021 600 4840	3,8	33	Aktif	Pasar grosir pakaian 5 lantai (Pasar Pagi Mangga Dua), Kel. Ancol, Kec. Pademangan, kodepos 14430; terdapat toko kerajinan manik-manik, namun mayoritas fashion grosir.	https://www.tripadvisor.com/Attraction_Review-g294229-d8330603
29	Pasar Ular	Toko Suvenir & Spesialisasi	Sebagian	Pasar campuran (pakaian/sepatu branded KW, aksesori)	Jln. Plumpang B, Jakarta, 14230	Jakarta Utara	Koja	-6.12357,106.90005	TripAdvisor		3,6	10	Aktif	Pasar di Jl Plumpang Semper/Inspeksi Kali Sunter, Rawa Badak Selatan, Kec. Koja; makin sepi pembeli namun masih buka pada 2024-2025.	https://www.tripadvisor.com/Attraction_Review-g294229-d3844811
30	Pasar Tebet Barat	Pasar Loak & Pasar Jalanan	Sebagian	Pasar campuran (kebutuhan sehari-hari, ada penjual suvenir kecil)	Jl. Tebet Barat Dalam Raya, Jakarta, 12810	Jakarta Selatan	Tebet	-6.23449,106.84656	TripAdvisor		4,0	3	Aktif	Pasar tradisional harian; terdapat sebagian pedagang suvenir, tetapi mayoritas menjual sembako dan kuliner, bukan tujuan wisata suvenir. Beralamat di Jl. Tebet Barat Dalam Raya No.11, Kec. Tebet, Jakarta Selatan 12810.	https://www.tripadvisor.com/Attraction_Review-g294229-d12459860
31	By The Sea Mall	Toko Suvenir & Spesialisasi	Sebagian	Distrik belanja lokal (fashion, kecantikan, F&B)	Pantai Maju Golf Island Pik Pik 2, Jakarta	Jakarta Utara	Penjaringan				4,5	2	Aktif	Kawasan belanja semi-outdoor di Golf Island/Pantai Maju, PIK2, Kel. Kamal Muara; koordinat belum tersedia.	https://www.tripadvisor.com/Attraction_Review-g294229-d25090320
32	Cocona Care	Toko Suvenir & Spesialisasi	Sebagian	Produk perawatan tubuh minyak kelapa (bisa jadi oleh-oleh)	Jl RS Fatmawati no. 39, Jakarta, 12430	Jakarta Selatan	Cilandak	-6.28647,106.79553	TripAdvisor	+62 21 75906515	4,5	2	Aktif	Toko produk body care berbahan virgin coconut oil, juga memiliki cabang di Bali; beralamat di Jl. RS Fatmawati No.39, Cilandak.	https://www.tripadvisor.com/Attraction_Review-g294229-d11864940
33	Gema Collection	Toko Suvenir & Spesialisasi	Sebagian	Kain/tekstil (pasar campuran Mayestik)	Jl. Tebah III No.107 Mayestik Market, Jakarta, 12120	Jakarta Selatan	Kebayoran Baru				2,0	1	Tidak diketahui	Tenant di dalam Pasar Mayestik (pasar kain/tekstil), bukan toko suvenir spesifik; rating rendah (2.0, 1 ulasan). Informasi usaha terbatas dan koordinat belum tersedia.	https://www.tripadvisor.com/Attraction_Review-g294229-d28564979
34	Hublife Mall	Toko Suvenir & Spesialisasi	Sebagian	Pusat perbelanjaan campuran (F&B, ritel, ice-skating)	Jl. Tanjung Duren Timur No.2, Rt.12/rw.5, Tj. Duren Selatan, Jakarta, 11470	Jakarta Barat	Grogol Petamburan				4,0	1	Aktif	Mal di Tj. Duren Timur (Taman Anggrek Residences), Kel. Tanjung Duren Selatan; koordinat belum tersedia.	https://www.tripadvisor.com/Attraction_Review-g294229-d25066794
35	KIRANA LIVIN at Alun Alun Indonesia	Toko Suvenir & Spesialisasi	Sebagian	Pasar campuran (kerajinan, batik, kuliner khas)	Grand Indonesia, West Mall, 3rd Floor, Jl. MH Thamrin No.1, RT.1/RW.5 Menteng, Jakarta, 10310	Jakarta Pusat	Menteng	-6.196113,106.822945	TripAdvisor	+62 21 23580890			Aktif	Bagian dari Alun Alun Indonesia, department store budaya Indonesia (fashion, perhiasan, kerajinan, kuliner) di lt.3 West Mall Grand Indonesia.	https://www.tripadvisor.com/Attraction_Review-g294229-d34473610
36	Cosma Studio.id	Toko Suvenir & Spesialisasi	?	?	Jl Mandala Utara IV No 26 Rt 6 Rw 6 Tomang, Jakarta, 11440	Jakarta Barat	Grogol Petamburan	-6.172637,106.79731	TripAdvisor	+62 811-1800-518			Tidak diketahui	Jenis usaha belum dapat dipastikan karena informasi belum tersedia. Beralamat di Mandala Utara IV, Tomang (kodepos 11440).	https://www.tripadvisor.com/Attraction_Review-g294229-d34469706
37	Gong-Ye	Toko Suvenir & Spesialisasi	?	?	Jl. Daan Mogot KM.1 No.45, Jakarta, 11470	Jakarta Barat	Grogol Petamburan	-6.16576,106.783295	TripAdvisor	+62 821-9601-5530			Tidak diketahui	Informasi usaha terbatas; terdaftar sebagai museum pada direktori wisata daring. Berlokasi di Kec. Grogol Petamburan (kodepos 11470).	https://www.tripadvisor.com/Attraction_Review-g294229-d34311250
38	Aneka Foto	Toko Suvenir & Spesialisasi	Tidak		Jl. Samanhudi No.19-20 Blok AKS Metro Atom Plaza, RT.20/RW.3, Ps. Baru, Jakarta, 10710	Jakarta Pusat	Sawah Besar	-6.1656,106.8306	Koreksi riset	+62 21 3457933	5,0	18	Aktif	Toko kamera dan fotografi sejak 1991 di Metro Atom Plaza Pasar Baru, bukan toko suvenir. Koordinat telah dikoreksi ke perkiraan lokasi Metro Atom Plaza (belum presisi).	https://www.tripadvisor.com/Attraction_Review-g294229-d28114445
39	Fish Market (Pasar Ikan)	Pasar Loak & Pasar Jalanan	Tidak		Jln. Sunda Kelapa, Jakarta, 14440	Jakarta Utara	Penjaringan	-6.12347,106.81047	TripAdvisor		3,7	17	Aktif	Nama jalan/kawasan historis Jalan Pasar Ikan dekat Museum Bahari dan Pelabuhan Sunda Kelapa, Kota Tua; bukan toko suvenir. Berada di Kec. Penjaringan (kodepos 14440).	https://www.tripadvisor.com/Attraction_Review-g294229-d379326
40	Rawa Belong Flower Market	Toko Suvenir & Spesialisasi	Tidak		Jalan Sulaiman Raya No.50, Jakarta, 11540	Jakarta Barat	Kebon Jeruk	-6.205949,106.77842	TripAdvisor		3,8	12	Aktif	Pasar bunga terbesar se-Asia Tenggara di Jl Sulaiman No.50/56, Sukabumi Utara, Kec. Kebon Jeruk; bukan toko suvenir.	https://www.tripadvisor.com/Attraction_Review-g294229-d6598992
41	Galeries Lafayette	Toko Suvenir & Spesialisasi	Tidak		Pacific Place Mall, SCBD Jl. Jend. Sudirman, Jakarta	Jakarta Selatan	Kebayoran Baru	-6.22798,106.80896	TripAdvisor	+62 21 57973343	4,2	10	Aktif	Department store fashion mewah di Pacific Place, SCBD, Kel. Senayan, Kec. Kebayoran Baru; bukan toko suvenir/oleh-oleh; masih terdaftar aktif.	https://www.tripadvisor.com/Attraction_Review-g294229-d4424695
42	Electronic City	Toko Suvenir & Spesialisasi	Tidak		Jl. Jenderal Sudirman Kav. 52-53 Sudirman Central Business District, Jakarta, 12190	Jakarta Selatan	Kebayoran Baru	-6.2261,106.8114	Koreksi riset	+62 21 1500032	3,1	8	Aktif	Toko elektronik, bukan suvenir. Koordinat telah dikoreksi ke area SCBD Senayan/Kebayoran Baru. Pembukaan kembali toko dikonfirmasi pada Nov 2024.	https://www.tripadvisor.com/Attraction_Review-g294229-d8403837
43	Gembrong Market	Toko Suvenir & Spesialisasi	Tidak		Jakarta, 13320	Jakarta Timur	Jatinegara				3,3	6	Aktif	Pasar mainan anak grosir/eceran di Jl Jend Basuki Rachmat, Prumpung/Cipinang Besar Utara, Kec. Jatinegara; bukan kategori suvenir wisata. Koordinat belum tersedia.	https://www.tripadvisor.com/Attraction_Review-g294229-d6536286
44	Muara Baru Modern Fish Market	Pasar Loak & Pasar Jalanan	Tidak		Jl. Muara Baru Raya North Jakarta City, Jakarta, 14440	Jakarta Utara	Penjaringan	-6.12129,106.80384	TripAdvisor		3,8	5	Aktif	Pasar ikan modern (PIM), diresmikan 2019, bukan toko suvenir.	https://www.tripadvisor.com/Attraction_Review-g294229-d17531744
45	Pusat Promosi Ikan Hias Sumenep	Toko Suvenir & Spesialisasi	Tidak		Jln. Sumenep, Jakarta, 10310	Jakarta Pusat	Menteng	-6.19974,106.82537	TripAdvisor		3,6	5	Aktif	Sentra ikan hias di Jl Sumenep No.4, Kec. Menteng; bukan toko suvenir.	https://www.tripadvisor.com/Attraction_Review-g294229-d6579516
46	Chandraprima Money Changer	Toko Suvenir & Spesialisasi	Tidak		Wahid Hasyim street number 185. Tanah abang Afindo cargo room number 222, Jakarta, 10250	Jakarta Pusat	Tanah Abang	-6.187398,106.81649	TripAdvisor	+62 851-0368-7688	4,0	4	Aktif	Penukaran uang asing (money changer) di Gedung Afindo, Jl. K.H. Wahid Hasyim, Kel. Kebon Kacang, Tanah Abang; memiliki jam operasional resmi.	https://www.tripadvisor.com/Attraction_Review-g294229-d25408428
47	Dayana TOBACCO	Toko Suvenir & Spesialisasi	Tidak		Jl. Iskandarsyah Raya no. 65 Hotel Grandhika Iskandarsyah - M Level, Jakarta, 12160	Jakarta Selatan	Kebayoran Baru	-6.244306,106.80375	TripAdvisor	+62 21 73910443	5,0	4	Aktif	Toko cerutu/tembakau premium sejak 1997 di Hotel GranDhika Iskandarsyah, Melawai, Kec. Kebayoran Baru (kodepos 12160); situs web masih aktif.	https://www.tripadvisor.com/Attraction_Review-g294229-d12017934
48	Hype Festival	Pasar Loak & Pasar Jalanan	Tidak		Jln. Pantai Indah, Jakarta, 14420	Jakarta Utara	Penjaringan	-6.12155,106.83383	TripAdvisor	+62 852-1888-8810	3,8	4	Aktif	Bazaar/pop-up market bulanan (akhir pekan) di kawasan Pantai Indah Kapuk berisi F&B dan fashion, bukan toko suvenir/kerajinan tetap.	https://www.tripadvisor.com/Attraction_Review-g294229-d8728059
49	Arafah Collection	Toko Suvenir & Spesialisasi	Tidak		Thamrin City Block C35 Nomor 18-21  Jln. Jakarta, Jakarta, 10730	Jakarta Pusat	Tanah Abang	-6.1913,106.8172	Koreksi riset	+62 21 31990936	4,0	1	Aktif	Toko busana muslim (gamis/abaya/kaftan gaya Timur Tengah) di Thamrin City Blok C35, Waduk Melati, Kec. Tanah Abang — bukan toko suvenir. Koordinat telah dikoreksi ke perkiraan lokasi Thamrin City (belum presisi).	https://www.tripadvisor.com/Attraction_Review-g294229-d5966692
50	BIASA Jakarta	Toko Suvenir & Spesialisasi	Tidak		Jl. Kemang Raya No.20, Jakarta, 12730	Jakarta Selatan	Mampang Prapatan	-6.259716,106.815125	TripAdvisor	+62 21 7182322	5,0	1	Aktif	Butik fashion resort-wear asal Bali (bukan toko oleh-oleh/suvenir).	https://www.tripadvisor.com/Attraction_Review-g294229-d19453565
51	Bike Station	Toko Suvenir & Spesialisasi	Tidak		Jalan Asia Afrika No 32 Stc LG 34, Jakarta, 10270	Jakarta Pusat	Tanah Abang	-6.22728,106.79836	TripAdvisor	+62 21 57931891	4,0	1	Tidak diketahui	Toko sepeda di STC Senayan; mayoritas toko sepeda high-end di STC dilaporkan sudah tutup pada 2025, status Bike Station belum terkonfirmasi.	https://www.tripadvisor.com/Attraction_Review-g294229-d18841189
52	Florist Sedapmalam Mas Agung	Toko Barang Antik	Tidak		Jl. Sulaiman No.56 Blok B Lapak Sedapmalam, Rw.3, Sukabumi Utara, Kec. Kb. Jeruk, Kota Jakarta Barat, Daerah Khusus Ibukota Jakarta 11540, Jakarta, 11540	Jakarta Barat	Kebon Jeruk	-6.206067,106.77821	TripAdvisor	+62 852-1046-4090	5,0	1	Aktif	Penjual bunga sedap malam (florist), bukan suvenir; berlokasi di area Kebon Jeruk.	https://www.tripadvisor.com/Attraction_Review-g294229-d32814483
53	Immanuel Bookstore	Toko Suvenir & Spesialisasi	Tidak		Jalan Proklamasi 76, Jakarta, 10320	Jakarta Pusat	Menteng	-6.20287,106.84893	TripAdvisor	+62 21 3900790	5,0	1	Aktif	Toko buku rohani Kristen, bukan suvenir wisata; masih beroperasi (cabang Proklamasi sejak 1992).	https://www.tripadvisor.com/Attraction_Review-g294229-d13817991
54	Nonna Store PIK	Toko Suvenir & Spesialisasi	Tidak		Outer Ring Road Pantai Indah Kapuk, Food Plaza building Block A No 35-37, Jakarta, 14470	Jakarta Utara	Penjaringan	-6.103562,106.74109	TripAdvisor	+62 857-1549-0196	5,0	1	Tidak diketahui	Toko kosmetik/aksesoris (Nonna Cosmetic, produk Taiwan), bukan suvenir khas; berlokasi di area PIK, Kec. Penjaringan (kodepos 14470); status terkini belum terverifikasi.	https://www.tripadvisor.com/Attraction_Review-g294229-d9727715
55	Pecenongan Night Market	Pasar Loak & Pasar Jalanan	Tidak		Jl. Pecenongan, Jakarta, 10120	Jakarta Pusat	Gambir	-6.16222,106.82695	TripAdvisor		5,0	1	Aktif	Kawasan wisata kuliner malam (jajanan/makanan), bukan toko suvenir.	https://www.tripadvisor.com/Attraction_Review-g294229-d19090223
56	Pojahome Indonesia	Toko Suvenir & Spesialisasi	Tidak		Jl. H. Daud I 35c, Rt.2/rw.3, Sukabumi Sel., Kec. Kb. Jeruk Kota Jakarta Barat, Daerah Khusus Ibukota , Jakarta, 11560	Jakarta Barat	Kebon Jeruk	-6.20643,106.7747	TripAdvisor	+62 851-3312-5638	5,0	1	Aktif	Jasa desain interior dan custom furniture (bukan toko suvenir), workshop di Kebon Jeruk.	https://www.tripadvisor.com/Attraction_Review-g294229-d32764882
57	Big Boy Looks Good	Toko Suvenir & Spesialisasi	Tidak		Jl Prof Dr. Satrio Kav 18, Jakarta, 12940	Jakarta Selatan	Setiabudi	-6.216613,106.81918	TripAdvisor	+62 857-7993-3198			Aktif	Merek/toko pakaian pria plus-size Indonesia (didirikan 2009), bukan toko suvenir; Jl. Prof. Dr. Satrio, Kel. Karet Kuningan, Kec. Setiabudi.	https://www.tripadvisor.com/Attraction_Review-g294229-d26585518
58	Home Decor Indonesia	Toko Suvenir & Spesialisasi	Tidak		Jalan Rs Fatmawati No. 5a,c,d 1, Rt.1/rw.6, Gandaria Utara, Kec. Kebayoran. Baru, Kota Jakarta Selatan, Daerah Khusus Ibukota Jakarta 12140, Jakarta, 12140	Jakarta Selatan	Kebayoran Baru	-6.259873,106.79643	TripAdvisor	+62 818-0604-0506			Aktif	Toko interior/furnitur (gorden, sofa, wallpaper) sejak 1992, bukan suvenir.	https://www.tripadvisor.com/Attraction_Review-g294229-d33404716
59	Jakartanotebook Benhil	Toko Suvenir & Spesialisasi	Tidak		Bendungan Hilir Raya Blok G1 No. 10 Jakarta Pusat Seberang Geprek Bensu Benhil, Jakarta, 10210	Jakarta Pusat	Tanah Abang	-6.211045,106.812355	TripAdvisor	+62 896-1352-2200			Aktif	Cabang toko elektronik/notebook (bukan suvenir) di Bendungan Hilir, Kec. Tanah Abang; buka sejak 2022.	https://www.tripadvisor.com/Attraction_Review-g294229-d26270726
60	Kuponhosting	Toko Barang Antik	Tidak		Jakarta Pusat, Jakarta	Jakarta Pusat	?	-6.180511,106.828384	TripAdvisor	+62 881-0235-15545			Tidak diketahui	Data usaha tidak konsisten dan belum dapat diverifikasi sebagai toko nyata. Kecamatan tidak dapat ditentukan (alamat hanya Jakarta Pusat).	https://www.tripadvisor.com/Attraction_Review-g294229-d23760495
61	Nagarey	Toko Suvenir & Spesialisasi	Tidak		Jl. Jalur 20 No.9, RT.4/RW.10 Meruya Utara, Jakarta, 11650	Jakarta Barat	Kembangan	-6.197569,106.72874	TripAdvisor	+62 822-1076-9566			Aktif	Toko furnitur dan dekorasi rumah custom (rustic), bukan toko suvenir untuk wisatawan, di Meruya Utara, Kembangan.	https://www.tripadvisor.com/Attraction_Review-g294229-d32986329
62	Number 76 Jakarta	Toko Suvenir & Spesialisasi	Tidak		18 Parc Place Tower D, Ground Floor, Suite 2, Scbd, Jl. Jendral Sudirman Kav. 52-53, Rt.5/rw.3, Senayan, Kebayoran Baru, Kota Jakarta Selatan, Daerah Khusus Ibukota Jakarta 12190, Indonesia, Jakarta, 12190	Jakarta Selatan	Kebayoran Baru	-6.2251,106.809	Koreksi riset	+62 21 51401776			Aktif	Salon rambut Jepang (Number76), bukan suvenir; berlokasi di Parc Place SCBD, Senayan, Kec. Kebayoran Baru; grand reopening Okt 2025 sehingga masih aktif. Koordinat telah dikoreksi ke perkiraan area SCBD (bukan titik persis gedung).	https://www.tripadvisor.com/Attraction_Review-g294229-d27720986
63	Pelangi Bunga	Toko Suvenir & Spesialisasi	Tidak		Jl. Budi Raya No.4C Kemanggisan, Jakarta, 11480	Jakarta Barat	Palmerah	-6.19302,106.78226	TripAdvisor	+62 813-1759-8383			Aktif	Toko bunga (florist), bukan suvenir.	https://www.tripadvisor.com/Attraction_Review-g294229-d20254097
64	Samsung Mhi Itc Fatmawati	Toko Suvenir & Spesialisasi	Tidak		Itc Fatmawati Lt. 1 No 49-51, RT.3/RW.5, Cipete Utara, Kec. Kby. Baru, Kota Jakarta Selatan, Daerah Khusus Ibukota , Jakarta, 12150	Jakarta Selatan	Kebayoran Baru	-6.2825,106.7995	Koreksi riset	+62 811-8818-124			Aktif	Samsung Service Center (pusat servis HP/elektronik), bukan toko suvenir, di ITC Fatmawati Lt.1, Cipete Utara, Kebayoran Baru. Koordinat telah dikoreksi ke perkiraan lokasi ITC Fatmawati (belum presisi).	https://www.tripadvisor.com/Attraction_Review-g294229-d33225533
65	Shishaholic	Toko Suvenir & Spesialisasi	Tidak		Jl. Raya Condet No.5, RT.1/RW.16, Cililitan, KEC, Jakarta, 13640	Jakarta Timur	Kramat Jati	-6.26571,106.86111	TripAdvisor	+62 812-9587-0909			Tidak diketahui	Lounge/toko shisha (bukan suvenir); beralamat di Jl. Raya Condet, Kel. Cililitan, Kec. Kramat Jati (kodepos 13640). Status operasional belum dapat dipastikan.	https://www.tripadvisor.com/Attraction_Review-g294229-d27508964
66	Toko Board Game	Toko Suvenir & Spesialisasi	Tidak		Jl. Kerajinan I no. 35, Jakarta, 11130	Jakarta Barat	Tamansari	-6.152825,106.81452	TripAdvisor	+62 878-8732-8782			Aktif	Toko board game (TBG), bukan suvenir; beralamat di Jl. Kerajinan I No.35, Keagungan, Kec. Tamansari; masih berjualan aktif secara daring.	https://www.tripadvisor.com/Attraction_Review-g294229-d12918278
67	Toko Buku Pak Pay	Toko Suvenir & Spesialisasi	Tidak		Jl. Kramat Raya No.2 Rt.2/rw.7, Jakarta, 10420	Jakarta Pusat	Senen		Koordinat TripAdvisor salah, belum ada koreksi	+62 878-8385-8604			Tidak diketahui	Toko buku (bukan suvenir); beralamat di Jl. Kramat Raya No.2, Kel. Kwitang, Kec. Senen (kodepos 10420). Keberadaan usaha belum terverifikasi dan koordinat belum tersedia.	https://www.tripadvisor.com/Attraction_Review-g294229-d26806658
