Tahun;Kode Wilayah;Provinsi;Jumlah Tenaga Kerja
2024;11;Aceh;354.642
2024;12;Sumatera Utara;1.218.634
2024;13;Sumatera Barat;483.559
2024;14;Riau;421.343
2024;15;Jambi;186.568
2024;16;Sumatera Selatan;446.501
2024;17;Bengkulu;104.915
2024;18;Lampung;542.405
2024;19;Bangka-Belitung;102.716
2024;21;Kepulauan Riau;212.516
2024;31;DKI Jakarta;1.257.285
2024;32;Jawa Barat;6.097.337
2024;33;Jawa Tengah;5.012.131
2024;34;D I Yogyakarta;533.945
2024;35;Jawa Timur;4.193.898
2024;36;Banten;1.405.273
2024;51;Bali;634.804
2024;52;Nusa Tenggara Barat;390.691
2024;53;Nusa Tenggara Timur;254.078
2024;61;Kalimantan Barat;292.928
2024;62;Kalimantan Tengah;153.566
2024;63;Kalimantan Selatan;338.309
2024;64;Kalimantan Timur;274.256
2024;65;Kalimantan Utara;42.521
2024;71;Sulawesi Utara;153.929
2024;72;Sulawesi Tengah;194.681
2024;73;Sulawesi Selatan;555.233
2024;74;Sulawesi Tenggara;147.831
2024;75;Gorontalo;87.690
2024;76;Sulawesi Barat;65.064
2024;81;Maluku;110.597
2024;82;Maluku Utara;67.653
2024;91;Papua Barat;19.295
2024;92;Papua Barat Daya;29.201
2024;94;Papua;47.435
2024;95;Papua Selatan;12.809
2024;96;Papua Tengah;21.964
2024;97;Papua Pegunungan;5.915
