Tahun;Kode Wilayah;Provinsi;Jenis Kelamin;Jumlah Tenaga Kerja
2024;11;Aceh;Laki-laki;146.392
2024;11;Aceh;Perempuan;208.250
2024;12;Sumatera Utara;Laki-laki;448.322
2024;12;Sumatera Utara;Perempuan;770.312
2024;13;Sumatera Barat;Laki-laki;181.309
2024;13;Sumatera Barat;Perempuan;302.250
2024;14;Riau;Laki-laki;148.459
2024;14;Riau;Perempuan;272.884
2024;15;Jambi;Laki-laki;67.154
2024;15;Jambi;Perempuan;119.414
2024;16;Sumatera Selatan;Laki-laki;161.497
2024;16;Sumatera Selatan;Perempuan;285.004
2024;17;Bengkulu;Laki-laki;36.105
2024;17;Bengkulu;Perempuan;68.810
2024;18;Lampung;Laki-laki;211.583
2024;18;Lampung;Perempuan;330.822
2024;19;Bangka-Belitung;Laki-laki;32.194
2024;19;Bangka-Belitung;Perempuan;70.522
2024;21;Kepulauan Riau;Laki-laki;87.733
2024;21;Kepulauan Riau;Perempuan;124.783
2024;31;DKI Jakarta;Laki-laki;616.756
2024;31;DKI Jakarta;Perempuan;640.529
2024;32;Jawa Barat;Laki-laki;2.894.474
2024;32;Jawa Barat;Perempuan;3.202.863
2024;33;Jawa Tengah;Laki-laki;2.020.838
2024;33;Jawa Tengah;Perempuan;2.991.293
2024;34;D I Yogyakarta;Laki-laki;219.774
2024;34;D I Yogyakarta;Perempuan;314.171
2024;35;Jawa Timur;Laki-laki;1.662.107
2024;35;Jawa Timur;Perempuan;2.531.791
2024;36;Banten;Laki-laki;696.137
2024;36;Banten;Perempuan;709.136
2024;51;Bali;Laki-laki;231.272
2024;51;Bali;Perempuan;403.532
2024;52;Nusa Tenggara Barat;Laki-laki;123.359
2024;52;Nusa Tenggara Barat;Perempuan;267.332
2024;53;Nusa Tenggara Timur;Laki-laki;51.039
2024;53;Nusa Tenggara Timur;Perempuan;203.039
2024;61;Kalimantan Barat;Laki-laki;104.271
2024;61;Kalimantan Barat;Perempuan;188.657
2024;62;Kalimantan Tengah;Laki-laki;49.803
2024;62;Kalimantan Tengah;Perempuan;103.763
2024;63;Kalimantan Selatan;Laki-laki;133.034
2024;63;Kalimantan Selatan;Perempuan;205.275
2024;64;Kalimantan Timur;Laki-laki;94.083
2024;64;Kalimantan Timur;Perempuan;180.173
2024;65;Kalimantan Utara;Laki-laki;16.081
2024;65;Kalimantan Utara;Perempuan;26.440
2024;71;Sulawesi Utara;Laki-laki;46.619
2024;71;Sulawesi Utara;Perempuan;107.310
2024;72;Sulawesi Tengah;Laki-laki;63.980
2024;72;Sulawesi Tengah;Perempuan;130.701
2024;73;Sulawesi Selatan;Laki-laki;202.945
2024;73;Sulawesi Selatan;Perempuan;352.288
2024;74;Sulawesi Tenggara;Laki-laki;44.807
2024;74;Sulawesi Tenggara;Perempuan;103.024
2024;75;Gorontalo;Laki-laki;23.879
2024;75;Gorontalo;Perempuan;63.811
2024;76;Sulawesi Barat;Laki-laki;22.114
2024;76;Sulawesi Barat;Perempuan;42.950
2024;81;Maluku;Laki-laki;24.508
2024;81;Maluku;Perempuan;86.089
2024;82;Maluku Utara;Laki-laki;19.277
2024;82;Maluku Utara;Perempuan;48.376
2024;91;Papua Barat;Laki-laki;6.758
2024;91;Papua Barat;Perempuan;12.537
2024;92;Papua Barat Daya;Laki-laki;9.376
2024;92;Papua Barat Daya;Perempuan;19.825
2024;94;Papua;Laki-laki;16.450
2024;94;Papua;Perempuan;30.985
2024;95;Papua Selatan;Laki-laki;5.134
2024;95;Papua Selatan;Perempuan;7.675
2024;96;Papua Tengah;Laki-laki;8.432
2024;96;Papua Tengah;Perempuan;13.532
2024;97;Papua Pegunungan;Laki-laki;2.872
2024;97;Papua Pegunungan;Perempuan;3.043
